{
  "info": {
    "name": "AdminRestController API",
    "_postman_id": "admin-collection-id",
    "description": "Colecci\u00f3n Postman para los endpoints de /api/admin",
    "schema": "https://schema.getpostman.com/json/collection/v2.1.0/collection.json"
  },
  "variable": [
    {
      "key": "baseUrl",
      "value": "https://localhost:8443"
    }
  ],
  "item": [
    {
      "name": "GET /api/admin/users",
      "request": {
        "method": "GET",
        "url": {
          "raw": "{{baseUrl}}/api/admin/users",
          "host": [
            "{{baseUrl}}"
          ],
          "path": [
            "api",
            "admin",
            "users"
          ]
        }
      }
    },
    {
      "name": "GET /api/admin/groups",
      "request": {
        "method": "GET",
        "url": {
          "raw": "{{baseUrl}}/api/admin/groups",
          "host": [
            "{{baseUrl}}"
          ],
          "path": [
            "api",
            "admin",
            "groups"
          ]
        }
      }
    },
    {
      "name": "GET /api/admin/projects",
      "request": {
        "method": "GET",
        "url": {
          "raw": "{{baseUrl}}/api/admin/projects",
          "host": [
            "{{baseUrl}}"
          ],
          "path": [
            "api",
            "admin",
            "projects"
          ]
        }
      }
    },
    {
      "name": "GET /api/admin/tasks",
      "request": {
        "method": "GET",
        "url": {
          "raw": "{{baseUrl}}/api/admin/tasks",
          "host": [
            "{{baseUrl}}"
          ],
          "path": [
            "api",
            "admin",
            "tasks"
          ]
        }
      }
    }
  ]
}