{
  "info": {
    "name": "AuthController API",
    "_postman_id": "auth-collection-id",
    "description": "Colecci\u00f3n Postman para los endpoints de /api/auth",
    "schema": "https://schema.getpostman.com/json/collection/v2.1.0/collection.json"
  },
  "variable": [
    {
      "key": "baseUrl",
      "value": "https://localhost:8443"
    },
    {
      "key": "username",
      "value": "usuario@correo.com"
    },
    {
      "key": "password",
      "value": "hashedpasswordsha256"
    },
    {
      "key": "challenge",
      "value": "abc123"
    }
  ],
  "item": [
    {
      "name": "POST /api/auth/login",
      "request": {
        "method": "POST",
        "header": [
          {
            "key": "Content-Type",
            "value": "application/json"
          }
        ],
        "body": {
          "mode": "raw",
          "raw": "{\n  \"username\": \"{{username}}\",\n  \"password\": \"{{password}}\",\n  \"challenge\": \"{{challenge}}\"\n}"
        },
        "url": {
          "raw": "{{baseUrl}}/api/auth/login",
          "host": [
            "{{baseUrl}}"
          ],
          "path": [
            "api",
            "auth",
            "login"
          ]
        }
      }
    },
    {
      "name": "POST /api/auth/logout",
      "request": {
        "method": "POST",
        "url": {
          "raw": "{{baseUrl}}/api/auth/logout",
          "host": [
            "{{baseUrl}}"
          ],
          "path": [
            "api",
            "auth",
            "logout"
          ]
        }
      }
    }
  ]
}