{
  "info": {
    "name": "GroupRestController API",
    "_postman_id": "final-verified-collection-id",
    "description": "Colecci\u00f3n corregida y completa con los 11 endpoints de /api/groups",
    "schema": "https://schema.getpostman.com/json/collection/v2.1.0/collection.json"
  },
  "variable": [
    {
      "key": "baseUrl",
      "value": "https://localhost:8443"
    },
    {
      "key": "groupId",
      "value": "1"
    },
    {
      "key": "userId",
      "value": "1"
    },
    {
      "key": "name",
      "value": "Nuevo Grupo"
    },
    {
      "key": "ownerID",
      "value": "1"
    },
    {
      "key": "page",
      "value": "0"
    },
    {
      "key": "size",
      "value": "5"
    },
    {
      "key": "q",
      "value": "nombre"
    }
  ],
  "item": [
    {
      "name": "GET /api/groups/{id}",
      "request": {
        "method": "GET",
        "url": {
          "raw": "{{baseUrl}}/api/groups/:groupId",
          "host": [
            "{{baseUrl}}"
          ],
          "path": [
            "api",
            "groups",
            ":groupId"
          ],
          "variable": [
            {
              "key": "groupId",
              "value": "1"
            }
          ]
        }
      }
    },
    {
      "name": "GET /api/groups/user/{userId}",
      "request": {
        "method": "GET",
        "url": {
          "raw": "{{baseUrl}}/api/groups/user/:userId",
          "host": [
            "{{baseUrl}}"
          ],
          "path": [
            "api",
            "groups",
            "user",
            ":userId"
          ],
          "variable": [
            {
              "key": "userId",
              "value": "1"
            }
          ]
        }
      }
    },
    {
      "name": "POST /api/groups",
      "request": {
        "method": "POST",
        "header": [
          {
            "key": "Content-Type",
            "value": "application/json"
          }
        ],
        "body": {
          "mode": "raw",
          "raw": "{\n  \"name\": \"{{name}}\",\n  \"ownerID\": \"{{ownerID}}\"\n}"
        },
        "url": {
          "raw": "{{baseUrl}}/api/groups",
          "host": [
            "{{baseUrl}}"
          ],
          "path": [
            "api",
            "groups"
          ]
        }
      }
    },
    {
      "name": "PUT /api/groups/{id}",
      "request": {
        "method": "PUT",
        "header": [
          {
            "key": "Content-Type",
            "value": "application/json"
          }
        ],
        "body": {
          "mode": "raw",
          "raw": "{\n  \"name\": \"{{name}}\",\n  \"ownerID\": \"{{ownerID}}\"\n}"
        },
        "url": {
          "raw": "{{baseUrl}}/api/groups/:groupId",
          "host": [
            "{{baseUrl}}"
          ],
          "path": [
            "api",
            "groups",
            ":groupId"
          ],
          "variable": [
            {
              "key": "groupId",
              "value": "1"
            }
          ]
        }
      }
    },
    {
      "name": "DELETE /api/groups/{id}",
      "request": {
        "method": "DELETE",
        "url": {
          "raw": "{{baseUrl}}/api/groups/:groupId",
          "host": [
            "{{baseUrl}}"
          ],
          "path": [
            "api",
            "groups",
            ":groupId"
          ],
          "variable": [
            {
              "key": "groupId",
              "value": "1"
            }
          ]
        }
      }
    },
    {
      "name": "GET /api/groups/{id}/members",
      "request": {
        "method": "GET",
        "url": {
          "raw": "{{baseUrl}}/api/groups/:groupId/members",
          "host": [
            "{{baseUrl}}"
          ],
          "path": [
            "api",
            "groups",
            ":groupId",
            "members"
          ],
          "variable": [
            {
              "key": "groupId",
              "value": "1"
            }
          ]
        }
      }
    },
    {
      "name": "GET /api/groups/{id}/search_users",
      "request": {
        "method": "GET",
        "url": {
          "raw": "{{baseUrl}}/api/groups/:groupId/search_users?q={{q}}",
          "host": [
            "{{baseUrl}}"
          ],
          "path": [
            "api",
            "groups",
            ":groupId",
            "search_users"
          ],
          "query": [
            {
              "key": "q",
              "value": "{{q}}"
            }
          ],
          "variable": [
            {
              "key": "groupId",
              "value": "1"
            }
          ]
        }
      }
    },
    {
      "name": "POST /api/groups/{id}",
      "request": {
        "method": "POST",
        "header": [
          {
            "key": "Content-Type",
            "value": "application/json"
          }
        ],
        "body": {
          "mode": "raw",
          "raw": "{\n  \"userIds\": [\n    \"1\",\n    \"2\"\n  ]\n}"
        },
        "url": {
          "raw": "{{baseUrl}}/api/groups/:groupId",
          "host": [
            "{{baseUrl}}"
          ],
          "path": [
            "api",
            "groups",
            ":groupId"
          ],
          "variable": [
            {
              "key": "groupId",
              "value": "1"
            }
          ]
        }
      }
    },
    {
      "name": "DELETE /api/groups/{id}/{userId}",
      "request": {
        "method": "DELETE",
        "url": {
          "raw": "{{baseUrl}}/api/groups/:groupId/:userId",
          "host": [
            "{{baseUrl}}"
          ],
          "path": [
            "api",
            "groups",
            ":groupId",
            ":userId"
          ],
          "variable": [
            {
              "key": "groupId",
              "value": "1"
            },
            {
              "key": "userId",
              "value": "1"
            }
          ]
        }
      }
    },
    {
      "name": "DELETE /api/groups/l/{groupId}",
      "request": {
        "method": "DELETE",
        "url": {
          "raw": "{{baseUrl}}/api/groups/l/:groupId",
          "host": [
            "{{baseUrl}}"
          ],
          "path": [
            "api",
            "groups",
            "l",
            ":groupId"
          ],
          "variable": [
            {
              "key": "groupId",
              "value": "1"
            }
          ]
        }
      }
    },
    {
      "name": "GET /api/groups/p",
      "request": {
        "method": "GET",
        "url": {
          "raw": "{{baseUrl}}/api/groups/p?page={{page}}&size={{size}}",
          "host": [
            "{{baseUrl}}"
          ],
          "path": [
            "api",
            "groups",
            "p"
          ],
          "query": [
            {
              "key": "page",
              "value": "{{page}}"
            },
            {
              "key": "size",
              "value": "{{size}}"
            }
          ]
        }
      }
    }
  ]
}