{
  "info": {
    "name": "ProjectRestController API",
    "_postman_id": "4d6f982e-c5b1-41f4-9bbb-cccc00000000",
    "description": "Colecci\u00f3n Postman para los endpoints de /api/projects",
    "schema": "https://schema.getpostman.com/json/collection/v2.1.0/collection.json"
  },
  "variable": [
    {
      "key": "baseUrl",
      "value": "https://localhost:8443"
    },
    {
      "key": "page",
      "value": "0"
    },
    {
      "key": "size",
      "value": "10"
    }
  ],
  "item": [
    {
      "name": "GET /api/projects/{id}",
      "request": {
        "method": "GET",
        "url": {
          "raw": "{{baseUrl}}/api/projects/:id",
          "host": [
            "{{baseUrl}}"
          ],
          "path": [
            "api",
            "projects",
            ":id"
          ],
          "variable": [
            {
              "key": "id",
              "value": "1"
            }
          ]
        }
      }
    },
    {
      "name": "POST /api/projects",
      "request": {
        "method": "POST",
        "header": [
          {
            "key": "Content-Type",
            "value": "application/json"
          }
        ],
        "body": {
          "mode": "raw",
          "raw": "{\n  \"title\": \"Nuevo proyecto\",\n  \"groupId\": 1\n}"
        },
        "url": {
          "raw": "{{baseUrl}}/api/projects",
          "host": [
            "{{baseUrl}}"
          ],
          "path": [
            "api",
            "projects"
          ]
        }
      }
    },
    {
      "name": "PUT /api/projects/{id}",
      "request": {
        "method": "PUT",
        "header": [
          {
            "key": "Content-Type",
            "value": "application/json"
          }
        ],
        "body": {
          "mode": "raw",
          "raw": "{\n  \"title\": \"Proyecto actualizado\",\n  \"groupId\": 1\n}"
        },
        "url": {
          "raw": "{{baseUrl}}/api/projects/:id",
          "host": [
            "{{baseUrl}}"
          ],
          "path": [
            "api",
            "projects",
            ":id"
          ],
          "variable": [
            {
              "key": "id",
              "value": "1"
            }
          ]
        }
      }
    },
    {
      "name": "DELETE /api/projects/{id}",
      "request": {
        "method": "DELETE",
        "url": {
          "raw": "{{baseUrl}}/api/projects/:id",
          "host": [
            "{{baseUrl}}"
          ],
          "path": [
            "api",
            "projects",
            ":id"
          ],
          "variable": [
            {
              "key": "id",
              "value": "1"
            }
          ]
        }
      }
    },
    {
      "name": "GET /api/projects/p",
      "request": {
        "method": "GET",
        "url": {
          "raw": "{{baseUrl}}/api/projects/p",
          "host": [
            "{{baseUrl}}"
          ],
          "path": [
            "api",
            "projects",
            "p"
          ],
          "query": [
            {
              "key": "page",
              "value": "{{page}}"
            },
            {
              "key": "size",
              "value": "{{size}}"
            }
          ]
        }
      }
    }
  ]
}