{
  "info": {
    "name": "TaskRestController API",
    "_postman_id": "3b5f4d88-4dc6-4bce-9f9e-bbbb00000000",
    "description": "Colecci\u00f3n Postman para los endpoints de /api/tasks",
    "schema": "https://schema.getpostman.com/json/collection/v2.1.0/collection.json"
  },
  "variable": [
    {
      "key": "baseUrl",
      "value": "https://localhost:8443"
    },
    {
      "key": "projectID",
      "value": "1"
    },
    {
      "key": "title",
      "value": "Tarea"
    },
    {
      "key": "hasImage",
      "value": "true"
    }
  ],
  "item": [
    {
      "name": "GET /api/tasks/search",
      "request": {
        "method": "GET",
        "url": {
          "raw": "{{baseUrl}}/api/tasks/search?projectID=1&title=Prueba&hasImage=true",
          "host": [
            "{{baseUrl}}"
          ],
          "path": [
            "api",
            "tasks",
            "search"
          ],
          "query": [
            {
              "key": "projectID",
              "value": "{{projectID}}"
            },
            {
              "key": "title",
              "value": "{{title}}"
            },
            {
              "key": "hasImage",
              "value": "{{hasImage}}"
            }
          ]
        }
      }
    },
    {
      "name": "POST /api/tasks",
      "request": {
        "method": "POST",
        "header": [
          {
            "key": "Content-Type",
            "value": "application/json"
          }
        ],
        "body": {
          "mode": "raw",
          "raw": "{\n  \"title\": \"Nueva tarea\",\n  \"description\": \"<p>Contenido</p>\",\n  \"projectId\": 1,\n  \"ownerId\": 1\n}"
        },
        "url": {
          "raw": "{{baseUrl}}/api/tasks",
          "host": [
            "{{baseUrl}}"
          ],
          "path": [
            "api",
            "tasks"
          ]
        }
      }
    },
    {
      "name": "GET /api/tasks/{id}/image",
      "request": {
        "method": "GET",
        "url": {
          "raw": "{{baseUrl}}/api/tasks/:id/image",
          "host": [
            "{{baseUrl}}"
          ],
          "path": [
            "api",
            "tasks",
            ":id",
            "image"
          ],
          "variable": [
            {
              "key": "id",
              "value": "1"
            }
          ]
        }
      }
    },
    {
      "name": "DELETE /api/tasks/{id}/image",
      "request": {
        "method": "DELETE",
        "url": {
          "raw": "{{baseUrl}}/api/tasks/:id/image",
          "host": [
            "{{baseUrl}}"
          ],
          "path": [
            "api",
            "tasks",
            ":id",
            "image"
          ],
          "variable": [
            {
              "key": "id",
              "value": "1"
            }
          ]
        }
      }
    },
    {
      "name": "GET /api/tasks/{id}/file",
      "request": {
        "method": "GET",
        "url": {
          "raw": "{{baseUrl}}/api/tasks/:id/file",
          "host": [
            "{{baseUrl}}"
          ],
          "path": [
            "api",
            "tasks",
            ":id",
            "file"
          ],
          "variable": [
            {
              "key": "id",
              "value": "1"
            }
          ]
        }
      }
    },
    {
      "name": "GET /api/tasks/{id}/report",
      "request": {
        "method": "GET",
        "url": {
          "raw": "{{baseUrl}}/api/tasks/:id/report",
          "host": [
            "{{baseUrl}}"
          ],
          "path": [
            "api",
            "tasks",
            ":id",
            "report"
          ],
          "variable": [
            {
              "key": "id",
              "value": "1"
            }
          ]
        }
      }
    },
    {
      "name": "PUT /api/tasks/{id}",
      "request": {
        "method": "PUT",
        "header": [
          {
            "key": "Content-Type",
            "value": "application/json"
          }
        ],
        "body": {
          "mode": "raw",
          "raw": "{\n  \"title\": \"Actualizado\",\n  \"description\": \"<p>Texto nuevo</p>\"\n}"
        },
        "url": {
          "raw": "{{baseUrl}}/api/tasks/:id",
          "host": [
            "{{baseUrl}}"
          ],
          "path": [
            "api",
            "tasks",
            ":id"
          ],
          "variable": [
            {
              "key": "id",
              "value": "1"
            }
          ]
        }
      }
    },
    {
      "name": "DELETE /api/tasks/{id}",
      "request": {
        "method": "DELETE",
        "url": {
          "raw": "{{baseUrl}}/api/tasks/:id",
          "host": [
            "{{baseUrl}}"
          ],
          "path": [
            "api",
            "tasks",
            ":id"
          ],
          "variable": [
            {
              "key": "id",
              "value": "1"
            }
          ]
        }
      }
    },
    {
      "name": "GET /api/tasks/{id}",
      "request": {
        "method": "GET",
        "url": {
          "raw": "{{baseUrl}}/api/tasks/:id",
          "host": [
            "{{baseUrl}}"
          ],
          "path": [
            "api",
            "tasks",
            ":id"
          ],
          "variable": [
            {
              "key": "id",
              "value": "1"
            }
          ]
        }
      }
    }
  ]
}