{
  "info": {
    "name": "UserRestController API",
    "_postman_id": "2c8efc8c-7e9c-4c01-b208-aaaa00000000",
    "description": "Colecci\u00f3n Postman para los endpoints de /api/users",
    "schema": "https://schema.getpostman.com/json/collection/v2.1.0/collection.json"
  },
  "variable": [
    {
      "key": "baseUrl",
      "value": "https://localhost:8443"
    },
    {
      "key": "name",
      "value": "nuevoUsuario"
    },
    {
      "key": "email",
      "value": "test@taskmanager.com"
    },
    {
      "key": "password",
      "value": "1234"
    },
    {
      "key": "confirmPassword",
      "value": "1234"
    },
    {
      "key": "challenge",
      "value": "abc123"
    }
  ],
  "item": [
    {
      "name": "GET /api/users/{id}",
      "request": {
        "method": "GET",
        "header": [],
        "url": {
          "raw": "{{baseUrl}}/api/users/:id",
          "host": [
            "{{baseUrl}}"
          ],
          "path": [
            "api",
            "users",
            ":id"
          ],
          "variable": [
            {
              "key": "id",
              "value": "1"
            }
          ]
        }
      }
    },
    {
      "name": "POST /api/users",
      "request": {
        "method": "POST",
        "header": [
          {
            "key": "Content-Type",
            "value": "application/json"
          }
        ],
        "body": {
          "mode": "raw",
          "raw": "{\n  \"name\": \"{{name}}\",\n  \"email\": \"{{email}}\",\n  \"password\": \"{{password}}\",\n  \"confirmPassword\": \"{{confirmPassword}}\",\n  \"challenge\": \"{{challenge}}\"\n}"
        },
        "url": {
          "raw": "{{baseUrl}}/api/users",
          "host": [
            "{{baseUrl}}"
          ],
          "path": [
            "api",
            "users"
          ]
        }
      }
    },
    {
      "name": "PUT /api/users/{id}",
      "request": {
        "method": "PUT",
        "header": [
          {
            "key": "Content-Type",
            "value": "application/json"
          }
        ],
        "body": {
          "mode": "raw",
          "raw": "{\n  \"name\": \"{{name}}\",\n  \"email\": \"{{email}}\",\n  \"password\": \"{{password}}\"\n}"
        },
        "url": {
          "raw": "{{baseUrl}}/api/users/:id",
          "host": [
            "{{baseUrl}}"
          ],
          "path": [
            "api",
            "users",
            ":id"
          ],
          "variable": [
            {
              "key": "id",
              "value": "1"
            }
          ]
        }
      }
    },
    {
      "name": "DELETE /api/users/{userName}",
      "request": {
        "method": "DELETE",
        "header": [],
        "url": {
          "raw": "{{baseUrl}}/api/users/:userName",
          "host": [
            "{{baseUrl}}"
          ],
          "path": [
            "api",
            "users",
            ":userName"
          ],
          "variable": [
            {
              "key": "userName",
              "value": "usuario@email.com"
            }
          ]
        }
      }
    }
  ]
}