{
  "info": {
    "name": "taskmanager_projects",
    "schema": "https://schema.getpostman.com/json/collection/v2.1.0/collection.json"
  },
  "item": [
    {
      "name": "Get all projects",
      "request": {
        "method": "GET",
        "header": [],
        "body": null,
        "url": {
          "raw": "http://localhost:8080/api/projects",
          "host": [
            "localhost"
          ],
          "port": "8080",
          "path": [
            "api",
            "projects"
          ],
          "query": []
        }
      }
    },
    {
      "name": "Get project by ID",
      "request": {
        "method": "GET",
        "header": [],
        "body": null,
        "url": {
          "raw": "http://localhost:8080/api/projects/:id",
          "host": [
            "localhost"
          ],
          "port": "8080",
          "path": [
            "api",
            "projects",
            ":id"
          ],
          "query": []
        }
      }
    },
    {
      "name": "Create project",
      "request": {
        "method": "POST",
        "header": [
          {
            "key": "Content-Type",
            "value": "application/json"
          }
        ],
        "body": {
          "mode": "raw",
          "raw": "{}",
          "options": {
            "raw": {
              "language": "json"
            }
          }
        },
        "url": {
          "raw": "http://localhost:8080/api/projects",
          "host": [
            "localhost"
          ],
          "port": "8080",
          "path": [
            "api",
            "projects"
          ],
          "query": []
        }
      }
    },
    {
      "name": "Update project",
      "request": {
        "method": "PUT",
        "header": [
          {
            "key": "Content-Type",
            "value": "application/json"
          }
        ],
        "body": {
          "mode": "raw",
          "raw": "{}",
          "options": {
            "raw": {
              "language": "json"
            }
          }
        },
        "url": {
          "raw": "http://localhost:8080/api/projects/:id",
          "host": [
            "localhost"
          ],
          "port": "8080",
          "path": [
            "api",
            "projects",
            ":id"
          ],
          "query": []
        }
      }
    },
    {
      "name": "Delete project",
      "request": {
        "method": "DELETE",
        "header": [],
        "body": null,
        "url": {
          "raw": "http://localhost:8080/api/projects/:id",
          "host": [
            "localhost"
          ],
          "port": "8080",
          "path": [
            "api",
            "projects",
            ":id"
          ],
          "query": []
        }
      }
    }
  ]
}