{
  "info": {
    "name": "taskmanager_users",
    "schema": "https://schema.getpostman.com/json/collection/v2.1.0/collection.json"
  },
  "item": [
    {
      "name": "Get all users",
      "request": {
        "method": "GET",
        "header": [],
        "body": null,
        "url": {
          "raw": "http://localhost:8080/api/users",
          "host": [
            "localhost"
          ],
          "port": "8080",
          "path": [
            "api",
            "users"
          ],
          "query": []
        }
      }
    },
    {
      "name": "Get user by ID",
      "request": {
        "method": "GET",
        "header": [],
        "body": null,
        "url": {
          "raw": "http://localhost:8080/api/users/:id",
          "host": [
            "localhost"
          ],
          "port": "8080",
          "path": [
            "api",
            "users",
            ":id"
          ],
          "query": []
        }
      }
    },
    {
      "name": "Create user",
      "request": {
        "method": "POST",
        "header": [
          {
            "key": "Content-Type",
            "value": "application/json"
          }
        ],
        "body": {
          "mode": "raw",
          "raw": "{}",
          "options": {
            "raw": {
              "language": "json"
            }
          }
        },
        "url": {
          "raw": "http://localhost:8080/api/users?confirm_password=xxx",
          "host": [
            "localhost"
          ],
          "port": "8080",
          "path": [
            "api",
            "users?confirm_password=xxx"
          ],
          "query": []
        }
      }
    },
    {
      "name": "Update user",
      "request": {
        "method": "PUT",
        "header": [
          {
            "key": "Content-Type",
            "value": "application/json"
          }
        ],
        "body": {
          "mode": "raw",
          "raw": "{}",
          "options": {
            "raw": {
              "language": "json"
            }
          }
        },
        "url": {
          "raw": "http://localhost:8080/api/users/:id",
          "host": [
            "localhost"
          ],
          "port": "8080",
          "path": [
            "api",
            "users",
            ":id"
          ],
          "query": []
        }
      }
    },
    {
      "name": "Delete user",
      "request": {
        "method": "DELETE",
        "header": [],
        "body": null,
        "url": {
          "raw": "http://localhost:8080/api/users/:id?requesterId=...",
          "host": [
            "localhost"
          ],
          "port": "8080",
          "path": [
            "api",
            "users",
            ":id?requesterId=..."
          ],
          "query": []
        }
      }
    }
  ]
}