{
  "info": {
    "name": "taskmanager_groups",
    "schema": "https://schema.getpostman.com/json/collection/v2.1.0/collection.json"
  },
  "item": [
    {
      "name": "Get all groups",
      "request": {
        "method": "GET",
        "header": [],
        "body": null,
        "url": {
          "raw": "http://localhost:8080/api/groups",
          "host": [
            "localhost"
          ],
          "port": "8080",
          "path": [
            "api",
            "groups"
          ],
          "query": []
        }
      }
    },
    {
      "name": "Get group by ID",
      "request": {
        "method": "GET",
        "header": [],
        "body": null,
        "url": {
          "raw": "http://localhost:8080/api/groups/:id",
          "host": [
            "localhost"
          ],
          "port": "8080",
          "path": [
            "api",
            "groups",
            ":id"
          ],
          "query": []
        }
      }
    },
    {
      "name": "Create group",
      "request": {
        "method": "POST",
        "header": [
          {
            "key": "Content-Type",
            "value": "application/json"
          }
        ],
        "body": {
          "mode": "raw",
          "raw": "{}",
          "options": {
            "raw": {
              "language": "json"
            }
          }
        },
        "url": {
          "raw": "http://localhost:8080/api/groups",
          "host": [
            "localhost"
          ],
          "port": "8080",
          "path": [
            "api",
            "groups"
          ],
          "query": []
        }
      }
    },
    {
      "name": "Update group",
      "request": {
        "method": "PUT",
        "header": [
          {
            "key": "Content-Type",
            "value": "application/json"
          }
        ],
        "body": {
          "mode": "raw",
          "raw": "{}",
          "options": {
            "raw": {
              "language": "json"
            }
          }
        },
        "url": {
          "raw": "http://localhost:8080/api/groups/:id",
          "host": [
            "localhost"
          ],
          "port": "8080",
          "path": [
            "api",
            "groups",
            ":id"
          ],
          "query": []
        }
      }
    },
    {
      "name": "Delete group",
      "request": {
        "method": "DELETE",
        "header": [],
        "body": null,
        "url": {
          "raw": "http://localhost:8080/api/groups/:id?requesterId=1",
          "host": [
            "localhost"
          ],
          "port": "8080",
          "path": [
            "api",
            "groups",
            ":id?requesterId=1"
          ],
          "query": []
        }
      }
    },
    {
      "name": "Get user groups",
      "request": {
        "method": "GET",
        "header": [],
        "body": null,
        "url": {
          "raw": "http://localhost:8080/api/groups/user/:userId",
          "host": [
            "localhost"
          ],
          "port": "8080",
          "path": [
            "api",
            "groups",
            "user",
            ":userId"
          ],
          "query": []
        }
      }
    },
    {
      "name": "Get group members",
      "request": {
        "method": "GET",
        "header": [],
        "body": null,
        "url": {
          "raw": "http://localhost:8080/api/groups/:id/members",
          "host": [
            "localhost"
          ],
          "port": "8080",
          "path": [
            "api",
            "groups",
            ":id",
            "members"
          ],
          "query": []
        }
      }
    },
    {
      "name": "Add members",
      "request": {
        "method": "POST",
        "header": [
          {
            "key": "Content-Type",
            "value": "application/json"
          }
        ],
        "body": {
          "mode": "raw",
          "raw": "{}",
          "options": {
            "raw": {
              "language": "json"
            }
          }
        },
        "url": {
          "raw": "http://localhost:8080/api/groups/:id/members",
          "host": [
            "localhost"
          ],
          "port": "8080",
          "path": [
            "api",
            "groups",
            ":id",
            "members"
          ],
          "query": []
        }
      }
    },
    {
      "name": "Remove member",
      "request": {
        "method": "DELETE",
        "header": [],
        "body": null,
        "url": {
          "raw": "http://localhost:8080/api/groups/:id/members/:userId",
          "host": [
            "localhost"
          ],
          "port": "8080",
          "path": [
            "api",
            "groups",
            ":id",
            "members",
            ":userId"
          ],
          "query": []
        }
      }
    },
    {
      "name": "Leave group",
      "request": {
        "method": "DELETE",
        "header": [],
        "body": null,
        "url": {
          "raw": "http://localhost:8080/api/groups/:id/leave?userId=1",
          "host": [
            "localhost"
          ],
          "port": "8080",
          "path": [
            "api",
            "groups",
            ":id",
            "leave?userId=1"
          ],
          "query": []
        }
      }
    },
    {
      "name": "Search users",
      "request": {
        "method": "GET",
        "header": [],
        "body": null,
        "url": {
          "raw": "http://localhost:8080/api/groups/:id/search_users?q=query",
          "host": [
            "localhost"
          ],
          "port": "8080",
          "path": [
            "api",
            "groups",
            ":id",
            "search_users?q=query"
          ],
          "query": []
        }
      }
    },
    {
      "name": "Change owner",
      "request": {
        "method": "PUT",
        "header": [
          {
            "key": "Content-Type",
            "value": "application/json"
          }
        ],
        "body": {
          "mode": "raw",
          "raw": "{}",
          "options": {
            "raw": {
              "language": "json"
            }
          }
        },
        "url": {
          "raw": "http://localhost:8080/api/groups/:id/change_owner",
          "host": [
            "localhost"
          ],
          "port": "8080",
          "path": [
            "api",
            "groups",
            ":id",
            "change_owner"
          ],
          "query": []
        }
      }
    },
    {
      "name": "Paginated groups",
      "request": {
        "method": "GET",
        "header": [],
        "body": null,
        "url": {
          "raw": "http://localhost:8080/api/groups/paginated?userId=1&page=0&size=5",
          "host": [
            "localhost"
          ],
          "port": "8080",
          "path": [
            "api",
            "groups",
            "paginated?userId=1&page=0&size=5"
          ],
          "query": []
        }
      }
    }
  ]
}