{
  "info": {
    "name": "taskmanager_tasks",
    "schema": "https://schema.getpostman.com/json/collection/v2.1.0/collection.json"
  },
  "item": [
    {
      "name": "Get all tasks",
      "request": {
        "method": "GET",
        "header": [],
        "body": null,
        "url": {
          "raw": "http://localhost:8080/api/tasks",
          "host": [
            "localhost"
          ],
          "port": "8080",
          "path": [
            "api",
            "tasks"
          ],
          "query": []
        }
      }
    },
    {
      "name": "Get tasks by project",
      "request": {
        "method": "GET",
        "header": [],
        "body": null,
        "url": {
          "raw": "http://localhost:8080/api/tasks/project/:projectId",
          "host": [
            "localhost"
          ],
          "port": "8080",
          "path": [
            "api",
            "tasks",
            "project",
            ":projectId"
          ],
          "query": []
        }
      }
    },
    {
      "name": "Search tasks",
      "request": {
        "method": "GET",
        "header": [],
        "body": null,
        "url": {
          "raw": "http://localhost:8080/api/tasks/search?title=...&hasImage=...&projectID=...",
          "host": [
            "localhost"
          ],
          "port": "8080",
          "path": [
            "api",
            "tasks",
            "search?title=...&hasImage=...&projectID=..."
          ],
          "query": []
        }
      }
    },
    {
      "name": "Create task",
      "request": {
        "method": "POST",
        "header": [
          {
            "key": "Content-Type",
            "value": "application/json"
          }
        ],
        "body": {
          "mode": "raw",
          "raw": "{}",
          "options": {
            "raw": {
              "language": "json"
            }
          }
        },
        "url": {
          "raw": "http://localhost:8080/api/tasks",
          "host": [
            "localhost"
          ],
          "port": "8080",
          "path": [
            "api",
            "tasks"
          ],
          "query": []
        }
      }
    },
    {
      "name": "Update task",
      "request": {
        "method": "PUT",
        "header": [
          {
            "key": "Content-Type",
            "value": "application/json"
          }
        ],
        "body": {
          "mode": "raw",
          "raw": "{}",
          "options": {
            "raw": {
              "language": "json"
            }
          }
        },
        "url": {
          "raw": "http://localhost:8080/api/tasks/:id",
          "host": [
            "localhost"
          ],
          "port": "8080",
          "path": [
            "api",
            "tasks",
            ":id"
          ],
          "query": []
        }
      }
    },
    {
      "name": "Delete task",
      "request": {
        "method": "DELETE",
        "header": [],
        "body": null,
        "url": {
          "raw": "http://localhost:8080/api/tasks/:id",
          "host": [
            "localhost"
          ],
          "port": "8080",
          "path": [
            "api",
            "tasks",
            ":id"
          ],
          "query": []
        }
      }
    },
    {
      "name": "Upload task image",
      "request": {
        "method": "POST",
        "header": [
          {
            "key": "Content-Type",
            "value": "application/json"
          }
        ],
        "body": {
          "mode": "raw",
          "raw": "{}",
          "options": {
            "raw": {
              "language": "json"
            }
          }
        },
        "url": {
          "raw": "http://localhost:8080/api/tasks/:id/image",
          "host": [
            "localhost"
          ],
          "port": "8080",
          "path": [
            "api",
            "tasks",
            ":id",
            "image"
          ],
          "query": []
        }
      }
    },
    {
      "name": "Get task image",
      "request": {
        "method": "GET",
        "header": [],
        "body": null,
        "url": {
          "raw": "http://localhost:8080/api/tasks/:id/image",
          "host": [
            "localhost"
          ],
          "port": "8080",
          "path": [
            "api",
            "tasks",
            ":id",
            "image"
          ],
          "query": []
        }
      }
    }
  ]
}