{
  "info": {
    "name": "taskmanager_users",
    "_postman_id": "taskmanager_users-id",
    "schema": "https://schema.getpostman.com/json/collection/v2.1.0/collection.json"
  },
  "item": [
    {
      "name": "Get All Users",
      "request": {
        "method": "GET",
        "header": [],
        "url": {
          "raw": "{{base_url}}/api/users",
          "host": [
            "{{base_url}}"
          ],
          "path": [
            "api",
            "users"
          ]
        }
      }
    },
    {
      "name": "Get User By ID",
      "request": {
        "method": "GET",
        "header": [],
        "url": {
          "raw": "{{base_url}}/api/users/:id",
          "host": [
            "{{base_url}}"
          ],
          "path": [
            "api",
            "users",
            ":id"
          ]
        }
      }
    },
    {
      "name": "Create User",
      "request": {
        "method": "POST",
        "header": [
          {
            "key": "Content-Type",
            "value": "application/json"
          }
        ],
        "url": {
          "raw": "{{base_url}}/api/users?confirm_password=:confirm_password",
          "host": [
            "{{base_url}}"
          ],
          "path": [
            "api",
            "users?confirm_password=:confirm_password"
          ]
        },
        "body": {
          "mode": "raw",
          "raw": "{}",
          "options": {
            "raw": {
              "language": "json"
            }
          }
        }
      }
    },
    {
      "name": "Update User",
      "request": {
        "method": "PUT",
        "header": [
          {
            "key": "Content-Type",
            "value": "application/json"
          }
        ],
        "url": {
          "raw": "{{base_url}}/api/users/:id",
          "host": [
            "{{base_url}}"
          ],
          "path": [
            "api",
            "users",
            ":id"
          ]
        },
        "body": {
          "mode": "raw",
          "raw": "{}",
          "options": {
            "raw": {
              "language": "json"
            }
          }
        }
      }
    },
    {
      "name": "Delete User",
      "request": {
        "method": "DELETE",
        "header": [],
        "url": {
          "raw": "{{base_url}}/api/users/:id?requesterId=:requesterId",
          "host": [
            "{{base_url}}"
          ],
          "path": [
            "api",
            "users",
            ":id?requesterId=:requesterId"
          ]
        }
      }
    }
  ],
  "variable": [
    {
      "key": "base_url",
      "value": "http://localhost:8080"
    }
  ]
}