{
  "info": {
    "name": "taskmanager_projects",
    "_postman_id": "taskmanager_projects-id",
    "schema": "https://schema.getpostman.com/json/collection/v2.1.0/collection.json"
  },
  "item": [
    {
      "name": "Get All Projects",
      "request": {
        "method": "GET",
        "header": [],
        "url": {
          "raw": "{{base_url}}/api/projects",
          "host": [
            "{{base_url}}"
          ],
          "path": [
            "api",
            "projects"
          ]
        }
      }
    },
    {
      "name": "Get Project By ID",
      "request": {
        "method": "GET",
        "header": [],
        "url": {
          "raw": "{{base_url}}/api/projects/:id",
          "host": [
            "{{base_url}}"
          ],
          "path": [
            "api",
            "projects",
            ":id"
          ]
        }
      }
    },
    {
      "name": "Create Project",
      "request": {
        "method": "POST",
        "header": [
          {
            "key": "Content-Type",
            "value": "application/json"
          }
        ],
        "url": {
          "raw": "{{base_url}}/api/projects",
          "host": [
            "{{base_url}}"
          ],
          "path": [
            "api",
            "projects"
          ]
        },
        "body": {
          "mode": "raw",
          "raw": "{}",
          "options": {
            "raw": {
              "language": "json"
            }
          }
        }
      }
    },
    {
      "name": "Update Project",
      "request": {
        "method": "PUT",
        "header": [
          {
            "key": "Content-Type",
            "value": "application/json"
          }
        ],
        "url": {
          "raw": "{{base_url}}/api/projects/:id",
          "host": [
            "{{base_url}}"
          ],
          "path": [
            "api",
            "projects",
            ":id"
          ]
        },
        "body": {
          "mode": "raw",
          "raw": "{}",
          "options": {
            "raw": {
              "language": "json"
            }
          }
        }
      }
    },
    {
      "name": "Delete Project",
      "request": {
        "method": "DELETE",
        "header": [],
        "url": {
          "raw": "{{base_url}}/api/projects/:id",
          "host": [
            "{{base_url}}"
          ],
          "path": [
            "api",
            "projects",
            ":id"
          ]
        }
      }
    },
    {
      "name": "Get Paginated Projects",
      "request": {
        "method": "GET",
        "header": [],
        "url": {
          "raw": "{{base_url}}/api/projects/p/:userId?page=0&size=5",
          "host": [
            "{{base_url}}"
          ],
          "path": [
            "api",
            "projects",
            "p",
            ":userId?page=0&size=5"
          ]
        }
      }
    }
  ],
  "variable": [
    {
      "key": "base_url",
      "value": "http://localhost:8080"
    }
  ]
}