{
  "info": {
    "name": "taskmanager_groups",
    "_postman_id": "taskmanager_groups-id",
    "schema": "https://schema.getpostman.com/json/collection/v2.1.0/collection.json"
  },
  "item": [
    {
      "name": "Get All Groups",
      "request": {
        "method": "GET",
        "header": [],
        "url": {
          "raw": "{{base_url}}/api/groups",
          "host": [
            "{{base_url}}"
          ],
          "path": [
            "api",
            "groups"
          ]
        }
      }
    },
    {
      "name": "Get Group By ID",
      "request": {
        "method": "GET",
        "header": [],
        "url": {
          "raw": "{{base_url}}/api/groups/:id",
          "host": [
            "{{base_url}}"
          ],
          "path": [
            "api",
            "groups",
            ":id"
          ]
        }
      }
    },
    {
      "name": "Create Group",
      "request": {
        "method": "POST",
        "header": [
          {
            "key": "Content-Type",
            "value": "application/json"
          }
        ],
        "url": {
          "raw": "{{base_url}}/api/groups",
          "host": [
            "{{base_url}}"
          ],
          "path": [
            "api",
            "groups"
          ]
        },
        "body": {
          "mode": "raw",
          "raw": "{}",
          "options": {
            "raw": {
              "language": "json"
            }
          }
        }
      }
    },
    {
      "name": "Update Group",
      "request": {
        "method": "PUT",
        "header": [
          {
            "key": "Content-Type",
            "value": "application/json"
          }
        ],
        "url": {
          "raw": "{{base_url}}/api/groups/:id",
          "host": [
            "{{base_url}}"
          ],
          "path": [
            "api",
            "groups",
            ":id"
          ]
        },
        "body": {
          "mode": "raw",
          "raw": "{}",
          "options": {
            "raw": {
              "language": "json"
            }
          }
        }
      }
    },
    {
      "name": "Delete Group",
      "request": {
        "method": "DELETE",
        "header": [],
        "url": {
          "raw": "{{base_url}}/api/groups/:id?requesterId=:requesterId",
          "host": [
            "{{base_url}}"
          ],
          "path": [
            "api",
            "groups",
            ":id?requesterId=:requesterId"
          ]
        }
      }
    },
    {
      "name": "Get Groups by User",
      "request": {
        "method": "GET",
        "header": [],
        "url": {
          "raw": "{{base_url}}/api/groups/user/:userId",
          "host": [
            "{{base_url}}"
          ],
          "path": [
            "api",
            "groups",
            "user",
            ":userId"
          ]
        }
      }
    },
    {
      "name": "Get Group Members",
      "request": {
        "method": "GET",
        "header": [],
        "url": {
          "raw": "{{base_url}}/api/groups/:id/members",
          "host": [
            "{{base_url}}"
          ],
          "path": [
            "api",
            "groups",
            ":id",
            "members"
          ]
        }
      }
    },
    {
      "name": "Search Users",
      "request": {
        "method": "GET",
        "header": [],
        "url": {
          "raw": "{{base_url}}/api/groups/:id/search_users?q=query",
          "host": [
            "{{base_url}}"
          ],
          "path": [
            "api",
            "groups",
            ":id",
            "search_users?q=query"
          ]
        }
      }
    },
    {
      "name": "Add Members to Group",
      "request": {
        "method": "POST",
        "header": [
          {
            "key": "Content-Type",
            "value": "application/json"
          }
        ],
        "url": {
          "raw": "{{base_url}}/api/groups/:id",
          "host": [
            "{{base_url}}"
          ],
          "path": [
            "api",
            "groups",
            ":id"
          ]
        },
        "body": {
          "mode": "raw",
          "raw": "{}",
          "options": {
            "raw": {
              "language": "json"
            }
          }
        }
      }
    },
    {
      "name": "Remove Member",
      "request": {
        "method": "DELETE",
        "header": [],
        "url": {
          "raw": "{{base_url}}/api/groups/:id/:userId",
          "host": [
            "{{base_url}}"
          ],
          "path": [
            "api",
            "groups",
            ":id",
            ":userId"
          ]
        }
      }
    },
    {
      "name": "Leave Group",
      "request": {
        "method": "DELETE",
        "header": [],
        "url": {
          "raw": "{{base_url}}/api/groups/l/:groupId",
          "host": [
            "{{base_url}}"
          ],
          "path": [
            "api",
            "groups",
            "l",
            ":groupId"
          ]
        }
      }
    },
    {
      "name": "Get Paginated Groups",
      "request": {
        "method": "GET",
        "header": [],
        "url": {
          "raw": "{{base_url}}/api/groups/p/:userId?page=0&size=5",
          "host": [
            "{{base_url}}"
          ],
          "path": [
            "api",
            "groups",
            "p",
            ":userId?page=0&size=5"
          ]
        }
      }
    }
  ],
  "variable": [
    {
      "key": "base_url",
      "value": "http://localhost:8080"
    }
  ]
}