{
  "info": {
    "name": "taskmanager_tasks",
    "_postman_id": "taskmanager_tasks-id",
    "schema": "https://schema.getpostman.com/json/collection/v2.1.0/collection.json"
  },
  "item": [
    {
      "name": "Get All Tasks",
      "request": {
        "method": "GET",
        "header": [],
        "url": {
          "raw": "{{base_url}}/api/tasks",
          "host": [
            "{{base_url}}"
          ],
          "path": [
            "api",
            "tasks"
          ]
        }
      }
    },
    {
      "name": "Get Tasks by Project",
      "request": {
        "method": "GET",
        "header": [],
        "url": {
          "raw": "{{base_url}}/api/tasks/project/:projectId",
          "host": [
            "{{base_url}}"
          ],
          "path": [
            "api",
            "tasks",
            "project",
            ":projectId"
          ]
        }
      }
    },
    {
      "name": "Search Tasks",
      "request": {
        "method": "GET",
        "header": [],
        "url": {
          "raw": "{{base_url}}/api/tasks/search?title=...&hasImage=...&projectID=...",
          "host": [
            "{{base_url}}"
          ],
          "path": [
            "api",
            "tasks",
            "search?title=...&hasImage=...&projectID=..."
          ]
        }
      }
    },
    {
      "name": "Create Task",
      "request": {
        "method": "POST",
        "header": [
          {
            "key": "Content-Type",
            "value": "application/json"
          }
        ],
        "url": {
          "raw": "{{base_url}}/api/tasks",
          "host": [
            "{{base_url}}"
          ],
          "path": [
            "api",
            "tasks"
          ]
        },
        "body": {
          "mode": "raw",
          "raw": "{}",
          "options": {
            "raw": {
              "language": "json"
            }
          }
        }
      }
    },
    {
      "name": "Update Task",
      "request": {
        "method": "PUT",
        "header": [
          {
            "key": "Content-Type",
            "value": "application/json"
          }
        ],
        "url": {
          "raw": "{{base_url}}/api/tasks/:id",
          "host": [
            "{{base_url}}"
          ],
          "path": [
            "api",
            "tasks",
            ":id"
          ]
        },
        "body": {
          "mode": "raw",
          "raw": "{}",
          "options": {
            "raw": {
              "language": "json"
            }
          }
        }
      }
    },
    {
      "name": "Delete Task",
      "request": {
        "method": "DELETE",
        "header": [],
        "url": {
          "raw": "{{base_url}}/api/tasks/:id",
          "host": [
            "{{base_url}}"
          ],
          "path": [
            "api",
            "tasks",
            ":id"
          ]
        }
      }
    },
    {
      "name": "Upload Task Image",
      "request": {
        "method": "POST",
        "header": [
          {
            "key": "Content-Type",
            "value": "application/json"
          }
        ],
        "url": {
          "raw": "{{base_url}}/api/tasks/:id/image",
          "host": [
            "{{base_url}}"
          ],
          "path": [
            "api",
            "tasks",
            ":id",
            "image"
          ]
        },
        "body": {
          "mode": "raw",
          "raw": "{}",
          "options": {
            "raw": {
              "language": "json"
            }
          }
        }
      }
    },
    {
      "name": "Get Task Image",
      "request": {
        "method": "GET",
        "header": [],
        "url": {
          "raw": "{{base_url}}/api/tasks/:id/image",
          "host": [
            "{{base_url}}"
          ],
          "path": [
            "api",
            "tasks",
            ":id",
            "image"
          ]
        }
      }
    }
  ],
  "variable": [
    {
      "key": "base_url",
      "value": "http://localhost:8080"
    }
  ]
}